{
  "project_info": {
    "project_number": "227198787273",
    "firebase_url": "https://ronit-super-duper-ultra-default-rtdb.europe-west1.firebasedatabase.app",
    "project_id": "ronit-super-duper-ultra",
    "storage_bucket": "ronit-super-duper-ultra.appspot.com"
  },
  "client": [
    {
      "client_info": {
        "mobilesdk_app_id": "1:227198787273:android:52120bf67e9e5fd17c7718",
        "android_client_info": {
          "package_name": "com.example.d"
        }
      },
      "oauth_client": [
        {
          "client_id": "227198787273-jl0apalae48f0tj5rj026u9m8plk7cmd.apps.googleusercontent.com",
          "client_type": 3
        }
      ],
      "api_key": [
        {
          "current_key": "AIzaSyCsP6dIxWdlln92UHm71ZYOtTN7SXviJV8"
        }
      ],
      "services": {
        "appinvite_service": {
          "other_platform_oauth_client": [
            {
              "client_id": "227198787273-jl0apalae48f0tj5rj026u9m8plk7cmd.apps.googleusercontent.com",
              "client_type": 3
            }
          ]
        }
      }
    }
  ],
  "configuration_version": "1"
}